T4,T4_avg,I4,x,T,T_avg,I_exp,I_thr,e
2.3188,2.3208,0.004214,5.0,2.6745,2.6765,0.001391,0.001273,9.3%
2.3007,,,10.0,2.6475,3.4044,0.004854,0.004851,0.062%
2.3429,,,15.0,2.7076,4.3798,0.01079,0.01081,0.19%
,,,20.0,3.3995,5.4714,0.01921,0.01916,0.26%
,,,25.0,3.4007,6.5978,0.02984,0.02989,0.17%
,,,,3.4131,,,,
,,,,4.3758,,,,
,,,,4.3819,,,,
,,,,4.3816,,,,
,,,,5.4744,,,,
,,,,5.469,,,,
,,,,5.4709,,,,
,,,,6.6035,,,,
,,,,6.5914,,,,
,,,,6.5986,,,,
,,,,,,,,
